"","SP500","Nasdaq","Comcast","Charter","ATT","Verizon","Century","Google","Microsoft","Apple","Facebook","AOL","Yahoo"
"2012-05-18",1295.219971,1311.219971,14.14,61.68,33.66,41.529999,38.59,300.500488,29.27,75.76857,38.23,26.01,15.42
"2012-05-21",1315.98999,1343.869995,14.355,63.630001,33.630001,41.34,38.709999,307.362366,29.75,80.182854,34.029999,26.98,15.58
"2012-05-22",1316.630005,1337.569946,14.47,64.650002,33.540001,41.389999,38.52,300.700714,29.76,79.567146,31,27.2,15.29
"2012-05-23",1318.859985,1339.969971,14.395,64.610001,33.360001,41.279999,38.779999,305.035034,29.110001,81.508568,32,27.7,15.38
"2012-05-24",1320.680054,1317.589966,14.465,64.209999,33.639999,41.389999,38.700001,302.132141,29.07,80.760002,33.029999,27.61,15.35
"2012-05-25",1317.819946,1324.310059,14.425,64.269997,33.689999,41.450001,38.939999,296.061066,29.059999,80.327141,31.91,27.48,15.36
"2012-05-29",1332.420044,1342.47998,14.61,64.629997,33.939999,41.75,39.34,297.467468,29.559999,81.752853,28.84,27.45,15.47
"2012-05-30",1313.319946,1317.829956,14.475,63.189999,33.84,41.419998,39.25,294.409424,29.34,82.738571,28.190001,27.18,15.25
"2012-05-31",1310.329956,1306.369995,14.455,62.700001,34.169998,41.639999,39.220001,290.720734,29.190001,82.53286,29.6,27.43,15.24
"2012-06-01",1278.040039,1267.920044,14.315,61.310001,33.900002,41.029999,37.049999,285.775787,28.450001,80.141426,27.719999,27.11,14.92
"2012-06-04",1278.180054,1272.140015,14.475,61.279999,34.150002,41.34,37.419998,289.584595,28.549999,80.612854,26.9,27.39,15.01
"2012-06-05",1285.5,1292.209961,14.515,63.509998,34.060001,41.200001,37.580002,285.490479,28.51,80.404289,25.870001,27.19,15.1
"2012-06-06",1315.130005,1331.369995,14.88,63.75,34.560001,41.77,37.330002,290.575562,29.35,81.637146,26.809999,27.4,15.36
"2012-06-07",1314.98999,1319.410034,15.005,63.810001,34.16,41.639999,37.130001,289.404419,29.23,81.674286,26.309999,27.47,15.36
"2012-06-08",1325.660034,1332.420044,15.135,64.120003,34.549999,42.439999,37.43,290.515503,29.65,82.902855,27.1,27.48,15.65
"2012-06-11",1308.930054,1306.219971,14.97,63.389999,34.59,42.560001,37.580002,284.534546,28.9,81.595711,27.01,26.81,15.3
"2012-06-12",1324.180054,1328.780029,15.225,64.730003,34.98,42.939999,37.380001,282.832825,29.290001,82.308571,27.4,27.21,15.47
"2012-06-13",1314.880005,1319.890015,14.99,64.93,34.98,42.990002,37.32,280.825836,29.129999,81.737144,27.27,27.1,15.49
"2012-06-14",1329.099976,1318.869995,15.355,65.889999,35.689999,43.75,37.709999,279.80481,29.34,81.647141,28.290001,25.57,15.36
"2012-06-15",1342.839966,1341.23999,15.545,66.889999,35.709999,43.549999,38.380001,282.537537,30.02,82.01857,30.01,25.99,15.98
"2012-06-18",1344.780029,1350.599976,15.58,67.629997,35.630001,43.82,38.66,285.710724,29.84,83.682854,31.41,26.96,15.85
"2012-06-19",1357.97998,1363.880005,15.655,68.980003,35.470001,43.73,39.049999,291.056061,30.700001,83.915718,31.91,26.72,15.78
"2012-06-20",1355.689941,1365.810059,15.595,69.400002,35.41,43.299999,38.860001,289.044037,30.93,83.677139,31.6,26.51,15.75
"2012-06-21",1325.51001,1318.97998,15.34,67.440002,35.029999,43.330002,38.490002,282.887878,30.139999,82.524284,31.84,26.43,15.82
"2012-06-22",1335.02002,1335.380005,15.415,67.910004,35.169998,43.950001,38.639999,286.026031,30.700001,83.157143,33.049999,27.16,15.8
"2012-06-25",1313.719971,1301.430054,15.165,66.610001,34.950001,43.650002,38.150002,280.630646,29.870001,81.538574,32.060001,27.15,15.69
"2012-06-26",1319.98999,1306.869995,15.29,67.699997,34.98,43.84,38.299999,282.62262,30.02,81.718575,33.099998,27.25,15.74
"2012-06-27",1331.849976,1322.079956,15.52,69.650002,35.189999,43.779999,38.59,284.934937,30.17,82.071426,32.23,27.31,15.64
"2012-06-28",1329.040039,1305.27002,15.52,70,35.389999,43.970001,38.799999,282.437439,29.91,81.292854,31.360001,27.5,15.6
"2012-06-29",1362.160034,1356.48999,15.985,70.870003,35.66,44.439999,39.490002,290.325317,30.59,83.428574,31.1,28.08,15.7
"2012-07-02",1365.51001,1349.75,16.129999,72.050003,36.200001,44.93,39.66,290.525513,30.559999,84.645714,30.77,28.41,15.72
"2012-07-03",1374.02002,1366.359985,16.014999,72.209999,36,44.950001,39.689999,294.209198,30.76,85.629997,31.200001,28.71,15.91
"2012-07-05",1367.579956,1361.969971,15.725,72.239998,35.77,44.889999,39.380001,298.25827,30.700001,87.134285,31.469999,28.66,15.76
"2012-07-06",1354.680054,1326.01001,15.68,72.080002,35.439999,44.419998,39.360001,293.283295,30.190001,86.554283,31.73,28.4,15.43
"2012-07-09",1352.459961,1310.579956,15.635,72.019997,35.540001,44.740002,39.52,293.298309,30,87.69857,32.169998,28.21,15.5
"2012-07-10",1341.469971,1293.170044,15.675,72.099998,35.439999,44.700001,39.369999,291.141144,29.74,86.887146,31.469999,27.87,15.8
"2012-07-11",1341.449951,1285.550049,15.865,71.589996,35.259998,44.900002,39.919998,285.88089,29.299999,86.347145,30.969999,27.91,16.11
"2012-07-12",1334.76001,1268.949951,15.55,72.779999,34.869999,44.669998,40.09,285.525513,28.629999,85.557144,30.809999,27.53,15.98
"2012-07-13",1356.780029,1285.780029,15.935,72.870003,35.349998,45.209999,40.73,288.548553,29.389999,86.424286,30.719999,27.52,15.84
"2012-07-16",1353.640015,1275.839966,15.915,72.529999,35.419998,45.27,41.049999,287.747742,29.440001,86.701431,28.25,27.85,15.99
"2012-07-17",1363.670044,1277.810059,16.165001,73.07,35.82,45.66,41.779999,288.653656,29.66,86.705711,28.09,27.93,15.74
"2012-07-18",1372.780029,1312.079956,16.195,72.949997,36.189999,45.889999,40.77,290.670685,30.450001,86.608574,29.110001,27.67,15.97
"2012-07-19",1376.51001,1328.939941,16.190001,74.809998,35.48,44.540001,41.59,296.826813,30.67,87.760002,29,27.94,16.04
"2012-07-20",1362.660034,1310.52002,16.09,74.370003,35.290001,44.490002,41.48,305.715729,30.120001,86.328575,28.76,27.81,16.22
"2012-07-23",1350.52002,1290.680054,15.685,73.519997,35.380001,44.349998,41.02,308.063049,29.280001,86.261429,28.75,27.57,16.17
"2012-07-24",1338.310059,1280.73999,15.7,72.919998,34.630001,43.77,40.619999,304.089081,29.15,85.845711,28.450001,27.49,16.01
"2012-07-25",1337.890015,1295.560059,15.68,74.199997,35.330002,43.720001,40.34,304.299286,28.83,82.138573,29.34,29.48,15.15
"2012-07-26",1360.02002,1330.800049,15.805,75.800003,36.299999,44.459999,40.849998,306.987,29.16,82.125717,26.85,31.04,15.02
"2012-07-27",1385.969971,1360.76001,16.145,76.349998,37.139999,44.900002,41.330002,317.797791,29.76,83.594284,23.709999,31.52,14.73
"2012-07-30",1385.300049,1346.780029,16.105,77.459999,37.43,44.950001,41.369999,316.466461,29.639999,85.004288,23.15,31.43,14.76
"2012-07-31",1379.319946,1346,16.275,76.919998,37.919998,45.139999,41.540001,316.801788,29.469999,87.251427,21.709999,31.86,14.99
"2012-08-01",1375.319946,1345.439941,16.775,78.339996,37.639999,45.209999,42.119999,316.656647,29.41,86.687141,20.879999,31.8,15.03
"2012-08-02",1365,1337.900024,17.059999,78.300003,37.540001,44.619999,41.669998,314.689697,29.190001,86.827141,20.040001,31.5,14.96
"2012-08-03",1390.98999,1368.51001,17.305,79.93,37.580002,44.459999,41.740002,320.985992,29.75,87.957146,21.09,32.63,14.97
"2012-08-06",1394.22998,1382.22998,17.469999,77.589996,37.610001,44.689999,41.759998,321.73172,29.950001,88.935715,21.92,33.83,14.92
"2012-08-07",1401.349976,1404.709961,17.275,76.68,37.439999,44.470001,41.849998,320.590576,30.26,88.701431,20.719999,33.65,14.87
"2012-08-08",1402.219971,1408.829956,17.254999,76.010002,37.43,44.18,42.02,321.436432,30.33,88.55143,20.719999,34.15,14.92
"2012-08-09",1402.800049,1413.48999,17.275,75.510002,37.23,44.34,42.540001,321.49649,30.5,88.675713,21.01,34.3,14.85
"2012-08-10",1405.869995,1419.569946,17.365,77.93,37.490002,44.599998,42.779999,321.32132,30.42,88.814285,21.809999,33.76,14.84
"2012-08-13",1404.109985,1411.5,17.275,78.910004,37.389999,44.27,42.849998,330.335327,30.389999,90,21.6,33.32,14.67
"2012-08-14",1403.930054,1399.609985,17.18,78.5,37.25,44.330002,42.740002,334.664673,30.129999,90.241432,20.379999,33.22,14.65
"2012-08-15",1405.530029,1408.689941,17.094999,79.800003,37.099998,44.189999,42.290001,334.104095,30.200001,90.118568,21.200001,32.98,14.89
"2012-08-16",1415.51001,1434.369995,17.07,78.5,37.240002,44.119999,41.990002,336.771759,30.780001,90.905716,19.870001,33.4,15.09
"2012-08-17",1418.160034,1432.680054,17.01,77.800003,37.169998,44.060001,42.060001,338.908905,30.9,92.587143,19.049999,33.47,15.11
"2012-08-20",1418.130005,1422.97998,16.950001,77.879997,36.889999,43.700001,41.689999,338.108093,30.74,95.021431,20.01,32.81,15.22
"2012-08-21",1413.170044,1421.099976,17.02,77.279999,36.59,42.889999,41.459999,335.090088,30.799999,93.722855,19.16,32.46,15.11
"2012-08-22",1413.48999,1419.140015,16.985001,77.110001,36.560001,42.619999,41.509998,338.928925,30.540001,95.552856,19.440001,32.38,15.16
"2012-08-23",1402.079956,1403.699951,16.975,76.379997,36.560001,42.25,41.669998,338.738739,30.26,94.66143,19.440001,32.79,15.4
"2012-08-24",1411.130005,1403.77002,16.975,77.730003,36.950001,43.169998,42.259998,339.654663,30.559999,94.745712,19.41,32.92,15.6
"2012-08-27",1410.439941,1398.810059,16.985001,77.239998,36.869999,42.759998,41.959999,334.944946,30.690001,96.525711,19.15,33.86,15.77
"2012-08-28",1409.300049,1398.72998,16.975,76.760002,36.639999,42.669998,41.970001,338.963959,30.629999,96.400002,19.34,33.63,14.72
"2012-08-29",1410.48999,1400.160034,16.975,76.459999,36.82,43.09,42.380001,344.349335,30.65,96.209999,19.1,33.74,15.68
"2012-08-30",1399.47998,1377.719971,16.815001,77,36.689999,42.77,42.080002,341.181183,30.32,94.83857,19.09,33.71,15.9
"2012-08-31",1406.579956,1388.209961,16.764999,77.800003,36.639999,42.939999,42.259998,342.887878,30.82,95.034286,18.059999,33.67,15.86
"2012-09-04",1404.939941,1383.900024,16.764999,77.080002,36.810001,43.700001,42.73,340.86087,30.389999,96.424286,17.73,33.48,15.79
"2012-09-05",1403.439941,1381.469971,16.855,78.160004,36.93,43.799999,42.700001,340.700714,30.389999,95.747147,18.58,33.75,15.73
"2012-09-06",1432.119995,1424.209961,17.325001,79.279999,37.439999,44.150002,42.950001,350.050049,31.35,96.610001,18.959999,33.77,16
"2012-09-07",1437.920044,1419.48999,17.23,78.150002,37.299999,43.720001,41.93,353.428436,30.950001,97.205711,18.98,33.38,15.68
"2012-09-10",1429.079956,1401.650024,17.084999,77.800003,37.419998,44.060001,41.880001,350.735748,30.719999,94.677139,18.809999,32.73,15.61
"2012-09-11",1433.560059,1404.400024,17.135,78.900002,37.619999,44.240002,42.360001,346.441437,30.790001,94.370003,19.43,33.09,16.04
"2012-09-12",1436.560059,1406.589966,17.295,80.199997,37.720001,44.889999,42.599998,345.785797,30.780001,95.684288,20.93,34.14,15.97
"2012-09-13",1459.98999,1422.76001,17.625,81.629997,38.150002,45.580002,42.91,353.373383,30.940001,97.568573,20.709999,33.82,15.82
"2012-09-14",1465.77002,1438.22998,17.65,82.540001,37.259998,44.529999,42.369999,355.19519,31.209999,98.754288,22,33.91,15.94
"2012-09-17",1461.189941,1426.670044,17.530001,80.739998,37.599998,44.580002,42.080002,355.345337,31.209999,99.968575,21.52,33.66,16.21
"2012-09-18",1459.319946,1424.030029,17.424999,79.889999,37.66,44.91,42.450001,359.499512,31.18,100.272858,21.870001,33.76,16.27
"2012-09-19",1461.050049,1422.439941,17.690001,80.379997,37.759998,45.27,42.18,364.114105,31.049999,100.300003,23.290001,34.6,16.09
"2012-09-20",1460.26001,1416.189941,17.975,80.279999,37.939999,45.490002,42.259998,364.424438,31.450001,99.814285,22.59,34.48,16.03
"2012-09-21",1460.150024,1416.160034,18.110001,79.43,38.080002,45.639999,41.889999,367.362366,31.190001,100.012856,22.860001,33.79,15.85
"2012-09-24",1456.890015,1403.26001,18.215,76.370003,38.25,45.68,42.099998,375.065063,30.780001,98.684288,20.790001,33.76,15.83
"2012-09-25",1441.589966,1383.130005,17.93,75.440002,38.060001,45.619999,41.939999,374.954956,30.389999,96.220001,20.280001,33.66,15.92
"2012-09-26",1433.319946,1373.329956,17.559999,74.889999,38.080002,45.59,41.23,377.107117,30.17,95.025711,20.620001,33.62,15.88
"2012-09-27",1447.150024,1395.48999,17.895,75.209999,37.990002,45.759998,40.82,378.628632,30.16,97.331429,20.32,34.61,15.68
"2012-09-28",1440.670044,1391.579956,17.870001,75.059998,37.700001,45.57,40.400002,377.627625,29.76,95.300003,21.66,35.23,15.92
"2012-10-01",1444.48999,1389.780029,17.690001,75.010002,37.75,45.810001,39.220001,381.271271,29.49,94.19857,21.99,35.38,16.09
"2012-10-02",1445.75,1397.26001,17.92,75.5,37.810001,45.860001,39.470001,378.873871,29.66,94.472855,22.27,36,16
"2012-10-03",1450.98999,1394.609985,18.1,76.760002,38.169998,46.279999,39.880001,381.631622,29.860001,95.921425,21.83,36.17,15.84
"2012-10-04",1461.400024,1401.170044,18.25,77.379997,38.34,47.259998,39.650002,384.409424,30.030001,95.257141,21.950001,36.79,16.67
"2012-10-05",1460.930054,1395.359985,18.27,76.529999,37.860001,47.049999,39.82,384.209198,29.85,93.227142,20.91,36.75,16.55
"2012-10-08",1455.880005,1385.869995,18.105,76.029999,37.66,46.57,39.689999,379.299286,29.780001,91.167145,20.4,36.73,16.61
"2012-10-09",1441.47998,1358.310059,17.66,76.080002,37.139999,46.110001,39.490002,372.417419,29.280001,90.835716,20.23,36.59,16.79
"2012-10-10",1432.560059,1343.930054,17.58,75.980003,36.919998,45.779999,39.580002,372.652649,28.98,91.558571,19.639999,35.49,16.83
"2012-10-11",1432.839966,1347.040039,17.565001,76.120003,36.259998,45.200001,39.18,376.116119,28.950001,89.728569,19.75,35.71,16.95
"2012-10-12",1428.589966,1343.22998,17.889999,76.129997,35.630001,44.619999,39.060001,372.747742,29.200001,89.958572,19.52,36.77,17.11
"2012-10-15",1440.130005,1353.630005,18.215,76.730003,35.209999,44.5,38.790001,370.86087,29.51,90.68,19.52,37.22,17.37
"2012-10-16",1454.920044,1375.839966,18.334999,76.650002,35.400002,44.080002,38.939999,372.722717,29.49,92.827141,19.48,37.31,17.46
"2012-10-17",1460.910034,1363.73999,18.559999,77.690002,35.720001,44.720001,39.330002,378.123108,29.59,92.087143,19.879999,37.07,17.39
"2012-10-18",1457.339966,1353.76001,18.645,78.510002,36.02,45.779999,39.349998,347.847839,29.5,90.377144,18.98,36.36,17.24
"2012-10-19",1433.189941,1324.099976,18.475,78.540001,35.32,45.16,38.959999,341.236237,28.639999,87.120003,19,36.27,17.26
"2012-10-22",1433.819946,1328.420044,18.514999,78.169998,35.259998,44.77,38.560001,339.674683,28,90.575714,19.32,35.78,15.77
"2012-10-23",1413.109985,1327.02002,18.215,76.190002,35,44.07,38.259998,340.515503,28.049999,87.622856,19.5,35.5,17.51
"2012-10-24",1408.75,1314.209961,18.209999,76.089996,34.709999,44.23,38.66,338.988983,27.9,88.118568,23.23,35.85,17.85
"2012-10-25",1412.969971,1323.26001,18.18,76.190002,34.5,44.25,38.68,339.219208,27.879999,87.077141,22.559999,35.5,17.83
"2012-10-26",1411.939941,1319.079956,18.780001,76.57,34.630001,44.73,38.560001,337.912903,28.209999,86.285713,21.940001,34.48,17.89
"2012-10-31",1412.160034,1309.219971,18.764999,77.410004,34.59,44.639999,38.380001,340.490479,28.540001,85.045715,21.110001,34.34,17.86
"2012-11-01",1427.589966,1349.380005,18.775,77.75,35.09,45.139999,38.5,344.13913,29.52,85.220001,21.209999,35.63,18.36
"2012-11-02",1414.199951,1333.569946,18.805,75.099998,34.93,44.52,38.330002,344.304291,29.5,82.400002,21.18,35.43,18.24
"2012-11-05",1417.26001,1347.72998,18.715,72.940002,34.830002,44.200001,38.43,341.821808,29.629999,83.517143,21.25,35.81,18.4
"2012-11-06",1428.390015,1365.51001,18.584999,71.620003,34.799999,44.299999,38.490002,341.201202,29.860001,83.264282,21.17,43.7,18.57
"2012-11-07",1394.530029,1327.569946,18.290001,69.470001,33.639999,43.189999,37.880001,333.89389,29.08,79.714287,20.469999,40.07,18.75
"2012-11-08",1377.51001,1313.349976,18.1,68.260002,33.200001,42.610001,39.240002,326.471466,28.809999,76.821426,19.99,39.04,18.93
"2012-11-09",1379.849976,1315.030029,18.059999,68.720001,33.540001,42.639999,38.810001,331.846832,28.83,78.151428,19.209999,39.54,18.91
"2012-11-12",1380.030029,1312.969971,18.084999,69,33.869999,42.560001,38.919998,333.283295,28.219999,77.547142,20.07,38.13,18.87
"2012-11-13",1374.530029,1299.599976,18.055,68.940002,33.950001,42.540001,38.779999,329.854858,27.09,77.557144,19.860001,38.25,18.77
"2012-11-14",1355.48999,1287.329956,17.700001,67.5,33.779999,42.240002,38.150002,326.601593,26.84,76.697144,22.360001,36.36,18.93
"2012-11-15",1353.329956,1288.819946,17.57,68.540001,33.419998,41.700001,37.709999,323.953949,26.66,75.08857,22.17,35.07,18.89
"2012-11-16",1359.880005,1288.76001,17.725,69.269997,33.139999,41.400002,37.529999,323.91391,26.52,75.382858,23.559999,35.11,19.2
"2012-11-19",1386.890015,1310.73999,18.004999,68.639999,33.82,42.810001,37.91,334.439453,26.73,80.818573,22.92,35.47,19.2
"2012-11-20",1387.810059,1304.119995,18.280001,70.309998,33.68,42.82,38.07,335.320313,26.709999,80.129997,23.1,35.44,19.43
"2012-11-21",1391.030029,1312.51001,18.245001,69.870003,33.849998,43.16,37.830002,333.26828,26.950001,80.242859,24.32,35.6,19.52
"2012-11-23",1409.150024,1340.27002,18.455,70,34.360001,43.759998,38.52,334.319305,27.700001,81.64286,24,36.45,19.38
"2012-11-26",1406.290039,1346.5,18.315001,70.279999,33.970001,43.299999,38.400002,330.905914,27.389999,84.218575,25.940001,36.85,19.35
"2012-11-27",1398.939941,1332.420044,18.145,70.290001,33.619999,42.98,38.52,335.690704,27.08,83.540001,26.15,36.58,19.64
"2012-11-28",1409.930054,1348.47998,18.33,70.290001,33.619999,43.560001,38.549999,342.177185,27.360001,83.277145,26.360001,36.96,19.69
"2012-11-29",1415.949951,1356.72998,18.43,71.309998,33.93,44.009998,38.700001,346.29129,26.950001,84.194283,27.32,37.66,19.62
"2012-11-30",1416.180054,1352.640015,18.6,70.849998,34.130001,44.119999,38.84,349.534546,26.620001,83.611427,28,37.52,19.6
"2012-12-03",1409.459961,1349.780029,18.540001,70.449997,34.139999,44.099998,39.18,347.972961,26.43,83.741432,27.040001,31.9,18.55
"2012-12-04",1407.050049,1356.540039,18.6,70.449997,33.919998,43.669998,39.279999,345.86087,26.370001,82.264282,27.459999,31.24,19.69
"2012-12-05",1409.280029,1357.680054,18.440001,69.739998,33.91,44.099998,38.880001,344.254242,26.67,76.970001,27.709999,31.73,19.35
"2012-12-06",1413.939941,1373.630005,18.57,69.599998,33.650002,44.450001,38.830002,345.910919,26.73,78.177139,26.969999,31.37,19.65
"2012-12-07",1418.069946,1376.22998,18.514999,70.43,33.740002,44.41,37.939999,342.447449,26.459999,76.178574,27.49,31.63,19.57
"2012-12-10",1418.550049,1386.349976,18.625,69.760002,33.73,44.029999,38.029999,343.05304,26.940001,75.688568,27.84,31.59,19.6
"2012-12-11",1427.839966,1406.119995,18.700001,69.589996,34.150002,44.439999,38.57,348.788788,27.32,77.341431,27.98,31.2,19.5
"2012-12-12",1428.47998,1401.150024,18.709999,69.610001,34.490002,44.790001,39.07,349.12912,27.24,77,27.58,30.91,19.88
"2012-12-13",1419.449951,1393.569946,18.469999,69.080002,34.32,44.52,38.919998,351.701691,27.110001,75.669998,28.24,30.33,20.08
"2012-12-14",1413.579956,1390.72998,18.27,68.68,34.009998,44.209999,39.060001,351.331329,26.809999,72.827141,26.809999,30.47,19.78
"2012-12-17",1430.359985,1399.660034,18.77,70.779999,34.23,44.119999,39.470001,360.750763,27.1,74.118568,26.75,30.94,19.86
"2012-12-18",1446.790039,1424.369995,19.025,74.139999,34.34,43.869999,40.150002,360.895905,27.559999,76.271431,27.709999,30.87,19.4
"2012-12-19",1435.810059,1426.5,19.004999,74.050003,33.91,43.380001,39.75,360.415405,27.309999,75.187141,27.41,30.74,19.66
"2012-12-20",1443.689941,1429.369995,19.045,73.209999,34.169998,43.810001,39.75,361.541534,27.68,74.53286,27.360001,30.7,19.33
"2012-12-21",1430.150024,1399.060059,18.615,73.43,33.669998,43.57,39.290001,358.173187,27.450001,74.190002,26.26,30.45,18.99
"2012-12-24",1426.660034,1394.209961,18.68,73.43,33.740002,43.540001,39.279999,355.105103,27.059999,74.309998,26.93,30.17,19.29
"2012-12-26",1419.829956,1389.800049,18.65,73.239998,33.779999,43.450001,39.130001,354.789795,26.860001,73.285713,26.51,29.96,19.43
"2012-12-27",1418.099976,1384.640015,18.495001,73.669998,33.66,43.48,38.959999,353.498505,26.959999,73.580002,26.049999,29.8,19.52
"2012-12-28",1402.430054,1370.790039,18.27,73.580002,33.32,42.900002,38.560001,350.355347,26.549999,72.798569,25.91,29.43,20.07
"2012-12-31",1426.189941,1394.75,18.68,76.239998,33.709999,43.27,39.119999,354.044037,26.709999,76.024284,26.620001,29.61,20.13
"2013-01-02",1462.420044,1445.290039,19.26,78.099998,35,44.27,40.18,361.987,27.620001,78.432854,28,30.29,20.02
"2013-01-03",1459.369995,1434.829956,19.045,77.980003,35.02,44.060001,39.759998,362.197205,27.25,77.442856,27.77,30.15,19.9
"2013-01-04",1466.469971,1437.01001,19.035,77.599998,35.23,44.299999,39.91,369.35434,26.74,75.285713,28.76,30.38,20.11
"2013-01-07",1461.890015,1437.27002,18.950001,77.400002,35.389999,44.689999,40.130001,367.742737,26.690001,74.842857,29.42,30.16,20.44
"2013-01-08",1457.150024,1428.01001,19.08,77.199997,34.349998,43.099998,39.73,367.017029,26.549999,75.044289,29.059999,29.7,20.37
"2013-01-09",1461.02002,1439,19.209999,78.599998,34.240002,43,39.830002,369.429443,26.700001,73.871429,30.59,29.66,20.31
"2013-01-10",1472.119995,1450.280029,19.25,79,34.369999,43.59,40.18,371.111115,26.459999,74.78714,31.299999,29.76,19.7
"2013-01-11",1472.050049,1455.910034,19.23,78.389999,34.27,43.299999,40.32,370.365356,26.83,74.328575,31.719999,29.82,20.12
"2013-01-14",1470.680054,1459.339966,19.459999,78.18,34.02,42.59,40.07,361.987,26.889999,71.678574,30.950001,29.67,19.63
"2013-01-15",1472.339966,1459.079956,19.6,78.32,33.759998,41.970001,39.790001,362.82782,27.209999,69.417145,30.1,29.74,19.76
"2013-01-16",1472.630005,1463.530029,19.59,78.339996,33.259998,41.509998,39.580002,357.952942,27.040001,72.298569,29.85,29.98,19.34
"2013-01-17",1480.939941,1478.680054,19.975,78.949997,33.200001,42.130001,39.700001,356.016022,27.25,71.811432,30.139999,30.33,19.85
"2013-01-18",1485.97998,1477.699951,20.135,78.830002,33.439999,42.540001,40.02,352.607605,27.25,71.428574,29.66,29.75,20.32
"2013-01-22",1492.560059,1481.030029,19.905001,78.82,33.610001,42.939999,40.380001,351.786774,27.15,72.110001,30.73,29.93,20.5
"2013-01-23",1494.810059,1485.329956,20,78.949997,33.779999,42.790001,40.349998,371.121124,27.610001,73.43,30.82,30.21,20.9
"2013-01-24",1494.819946,1486.25,19.790001,79.220001,33.75,42.59,40.099998,377.482483,27.629999,64.35714,31.08,30.8,21.21
"2013-01-25",1502.959961,1501.849976,19.879999,80.68,34.02,42.669998,40.130001,377.212219,27.879999,62.84,31.540001,31.26,21.15
"2013-01-28",1500.180054,1505.430054,19.785,82.239998,34.130001,42.77,40.259998,375.740753,27.91,64.261429,32.470001,31.47,21.18
"2013-01-29",1507.839966,1488.73999,19.555,81.5,34.68,43.5,40.73,377.217224,28.01,65.46714,30.790001,30.67,21.01
"2013-01-30",1501.959961,1488.150024,19.514999,81.629997,34.48,43.610001,40.400002,377.292297,27.85,65.261429,31.24,30.28,21.29
"2013-01-31",1498.109985,1487.859985,19.040001,77.970001,34.790001,43.610001,40.450001,378.223236,27.450001,65.07,30.98,30.65,20.92
"2013-02-01",1513.170044,1507.369995,19.299999,78.040001,35.509998,44.560001,41.150002,388.188202,27.93,64.802856,29.73,30.76,20.83
"2013-02-04",1495.709961,1484.959961,19.094999,76.669998,35.23,44.52,40.91,379.889893,27.440001,63.188572,28.110001,30.42,21.22
"2013-02-05",1511.290039,1498.310059,19.620001,81.529999,35.349998,44.560001,40.57,383.253265,27.5,65.405716,28.639999,30.5,19.66
"2013-02-06",1512.119995,1502.829956,19.365,81.050003,35.43,44.75,40.799999,385.470459,27.34,65.335716,29.049999,30.8,20.73
"2013-02-07",1509.390015,1491.300049,19.309999,80.629997,35.27,44.459999,41.169998,387.362366,27.280001,66.888573,28.65,31.41,20.76
"2013-02-08",1517.930054,1501.560059,19.375,80.889999,35.27,44.349998,41.360001,393.078064,27.549999,67.854286,28.549999,33.72,21.16
"2013-02-11",1517.01001,1498.47998,19.32,79.309998,35.23,44.32,41.509998,391.601593,27.860001,68.561432,28.26,36.23,21.3
"2013-02-12",1519.430054,1497.290039,19.485001,80,35.599998,44.439999,41.759998,390.740753,27.879999,66.842857,27.370001,37.85,21.94
"2013-02-13",1520.329956,1499.97998,20.065001,80.029999,35.419998,44.52,41.689999,391.821808,28.030001,66.715714,27.91,37.01,22.7
"2013-02-14",1521.380005,1508.790039,20.17,79.480003,35.290001,44.330002,32.27,394.304291,28.040001,66.655716,28.5,39.33,22.95
"2013-02-15",1519.790039,1506.310059,20.620001,79.540001,35.360001,44.400002,33.02,396.841827,28.01,65.737144,28.32,39.52,22.8
"2013-02-19",1530.939941,1517.319946,20.725,79.389999,35.669998,44.5,34.139999,403.828827,28.049999,65.71286,28.93,39.23,22.7
"2013-02-20",1511.949951,1487.22998,20.475,77.989998,35.470001,44.919998,33.93,396.626617,27.870001,64.121429,28.459999,37.76,22.9
"2013-02-21",1502.420044,1465.339966,20.040001,77.029999,35.43,45.119999,34.27,398.163177,27.49,63.722858,27.280001,37.59,22.6
"2013-02-22",1515.599976,1482.569946,19.955,85.019997,35.68,45.400002,34.639999,400.255249,27.76,64.401428,27.129999,37.79,22.4
"2013-02-25",1487.849976,1457.73999,19.705,83.300003,35.189999,45.720001,34.09,395.780792,27.370001,63.257141,27.27,36.94,22.34
"2013-02-26",1496.939941,1467.76001,19.844999,86.739998,35.490002,46.119999,34.130001,395.460449,27.370001,64.138573,27.389999,37.5,22.43
"2013-02-27",1515.98999,1482.849976,20.075001,87.129997,35.849998,46.349998,34.509998,400.290283,27.809999,63.509998,26.870001,38.02,22.07
"2013-02-28",1514.680054,1483.01001,19.895,86.389999,35.91,46.529999,34.669998,401.001007,27.799999,63.057144,27.25,36.9,22.01
"2013-03-01",1518.199951,1488.22998,20.014999,86.489998,36.009998,46.720001,34.889999,403.498505,27.950001,61.495716,27.780001,36.65,22.17
"2013-03-04",1525.199951,1493.48999,20.190001,86.989998,36.23,47.110001,35.110001,411.161163,28.15,60.007141,27.719999,37.33,22.09
"2013-03-05",1539.790039,1516.52002,20.475,87.610001,36.599998,47.689999,35.23,419.719727,28.35,61.591427,27.52,37.85,22.86
"2013-03-06",1541.459961,1518.660034,20.424999,89.980003,36.290001,47.279999,35.599998,416.10611,28.09,60.808571,27.450001,37.3,23.26
"2013-03-07",1544.26001,1520.52002,20.309999,89.800003,36.389999,47.48,34.529999,416.716705,28.139999,61.511429,28.58,37.15,23.38
"2013-03-08",1551.180054,1522.97998,20.5,89.059998,36.68,47.959999,34.389999,416.176178,28,61.674286,27.959999,37.48,23.59
"2013-03-11",1556.219971,1525.939941,20.565001,88.949997,36.599998,47.810001,34.43,417.82782,27.870001,62.552856,28.139999,36.84,23.59
"2013-03-12",1552.47998,1525,20.360001,89.5,36.720001,48.360001,34.57,414.219208,27.91,61.204285,27.83,36.85,23.53
"2013-03-13",1554.52002,1526.77002,20.295,89.879997,36.599998,47.939999,34.720001,413.068054,27.92,61.192856,27.08,36.9,23.5
"2013-03-14",1563.22998,1533.23999,20.58,90.110001,36.860001,48.48,34.75,411.181183,28.139999,61.785713,27.040001,36.58,23.78
"2013-03-15",1560.699951,1515.930054,20.355,90.089996,36.43,48.02,34.369999,407.557556,28.040001,63.380001,26.65,34.6,23.38
"2013-03-18",1552.099976,1503.099976,20.184999,98.040001,36.150002,48.75,34.200001,404.299286,28.1,65.102859,26.49,34.06,23.52
"2013-03-19",1548.339966,1496.290039,20.065001,100.379997,36.139999,48.950001,34.25,406.066071,28.18,64.927139,26.549999,34.34,23.3
"2013-03-20",1558.709961,1513.290039,20.49,105.769997,36.189999,48.599998,34.580002,407.762756,28.32,64.582855,25.860001,34.5,23.48
"2013-03-21",1545.800049,1497.430054,20.200001,102.360001,36.150002,48.799999,34.490002,406.036041,28.110001,64.675713,25.74,35.58,23.83
"2013-03-22",1556.890015,1507.050049,20.610001,103.279999,36.43,49.02,35.029999,405.560547,28.25,65.987144,25.73,36.37,24.2
"2013-03-25",1551.689941,1499.319946,20.860001,102.440002,36.389999,49.16,34.990002,405.22522,28.16,66.225716,25.129999,35.87,24.49
"2013-03-26",1563.77002,1511.400024,20.735001,102.989998,36.740002,49.48,35.200001,406.616608,28.16,65.877144,25.209999,36.17,24.69
"2013-03-27",1562.849976,1515.209961,20.875,104.290001,36.619999,48.939999,35.119999,401.73172,28.370001,64.582855,26.09,39.2,23.98
"2013-03-28",1569.189941,1524.439941,20.99,104.18,36.689999,49.150002,35.130001,397.492493,28.610001,63.237144,25.58,38.49,23.79
"2013-04-01",1562.170044,1506.73999,20.690001,103.779999,37.25,49.220001,34.860001,400.996002,28.610001,61.272858,25.530001,38.37,23.7
"2013-04-02",1570.25,1510.48999,21.15,103.800003,37.57,49.5,35.18,406.926941,28.799999,61.398571,25.42,38.09,23.26
"2013-04-03",1553.689941,1492.109985,20.91,102.279999,37.279999,48.990002,35.060001,403.50351,28.559999,61.712856,26.25,38.29,23.47
"2013-04-04",1559.97998,1496.329956,21.059999,104.550003,37.91,49.299999,36.02,397.932922,28.6,61.102856,27.07,38.3,23.95
"2013-04-05",1553.280029,1481.189941,20.780001,105.489998,38.02,49.560001,36.110001,391.916931,28.700001,60.457142,27.389999,38.62,24.38
"2013-04-08",1563.069946,1486.310059,20.815001,104.75,37.619999,49.43,36.16,387.812805,28.59,60.887142,26.85,39.14,24.75
"2013-04-09",1568.609985,1498.089966,20.639999,103.580002,37.759998,49.360001,36.349998,389.214203,29.610001,60.997143,26.59,39.28,25.2
"2013-04-10",1587.72998,1531.099976,20.809999,103.669998,38.18,49.860001,36.950001,395.485474,30.280001,62.241428,27.57,39.34,24.68
"2013-04-11",1593.369995,1528.430054,20.905001,104.839996,38.540001,50.509998,37.259998,395.590576,28.940001,62.047142,28.02,38.81,24.43
"2013-04-12",1588.849976,1522.390015,21,105.059998,38.59,50.860001,37.220001,395.42041,28.790001,61.400002,27.4,39.19,24.73
"2013-04-15",1552.359985,1488.589966,20.575001,103.080002,37.950001,50.639999,36.689999,391.356354,28.690001,59.978573,26.52,38.5,24.3
"2013-04-16",1574.569946,1511.670044,20.705,104.910004,37.939999,50.459999,37.16,397.082092,28.969999,60.89143,26.92,38.87,24.97
"2013-04-17",1552.01001,1476.02002,20.309999,104.029999,37.779999,49.540001,36.759998,391.671661,28.83,57.542858,26.629999,38.19,25.07
"2013-04-18",1541.609985,1454.969971,19.995001,102.730003,37.740002,50.91,36.849998,383.338348,28.790001,56.007141,25.690001,37.94,25.17
"2013-04-19",1555.25,1457.660034,20.280001,103.040001,38.279999,52.25,37.169998,400.335327,29.77,55.790001,25.73,37.72,26.07
"2013-04-22",1562.5,1468.73999,20.235001,103.849998,38.73,52.189999,37.349998,400.455444,30.83,56.952858,25.969999,37.63,26.41
"2013-04-23",1578.780029,1493.030029,20.450001,104.410004,39,52.32,37.889999,404.35434,30.6,58.01857,25.98,38.26,26.24
"2013-04-24",1578.790039,1504.180054,20.334999,103.050003,37.040001,51.799999,37.099998,407.132141,31.76,57.922855,26.110001,38.65,26.83
"2013-04-25",1585.160034,1515.910034,20.375,101.110001,37.279999,53.220001,37.529999,404.954956,31.940001,58.34,26.139999,39.38,26.39
"2013-04-26",1582.23999,1504.339966,20.684999,101.639999,37.040001,53.630001,37.150002,401.111115,31.790001,59.599998,26.85,39.04,27.34
"2013-04-29",1593.609985,1518.569946,20.745001,101.620003,37.299999,53.459999,37.450001,409.939941,32.610001,61.445713,26.98,39.05,26.58
"2013-04-30",1597.569946,1524.589966,20.65,100.739998,37.459999,53.91,37.57,412.697693,33.099998,63.254284,27.77,38.64,26.52
"2013-05-01",1582.699951,1510.869995,20.93,101.169998,37.560001,52.400002,37.189999,410.625641,32.720001,62.755714,27.43,38.62,26.58
"2013-05-02",1597.589966,1529.949951,21.055,103.129997,37.560001,52.529999,37.040001,415.220215,33.16,63.645714,28.969999,40.6,27
"2013-05-03",1614.420044,1545.589966,21.27,104.610001,37.34,52.68,37.139999,423.283295,33.490002,64.28286,28.309999,40.34,26.54
"2013-05-06",1617.5,1553.780029,21.389999,105.029999,37.09,52.049999,37.049999,431.206207,33.75,65.815712,27.57,40.99,26.02
"2013-05-07",1625.959961,1553.75,21.525,109.690002,37.52,52.919998,37.060001,429.044037,33.310001,65.522858,26.889999,41.42,26.33
"2013-05-08",1632.689941,1564.349976,21.639999,110.040001,37.830002,53.110001,37.299999,437.252258,32.990002,66.262856,27.120001,37.74,26.07
"2013-05-09",1626.670044,1560.319946,21.48,110.129997,37.330002,52.709999,37.240002,436.176178,32.66,65.252853,27.040001,39.04,25.81
"2013-05-10",1633.699951,1572.349976,21.540001,110.059998,37.360001,52.889999,37.619999,440.555542,32.689999,64.709999,26.68,39.06,26.33
"2013-05-13",1633.77002,1559.130005,21.594999,111.650002,37,52.549999,37.68,439.204193,33.029999,64.96286,26.82,38.21,26.3
"2013-05-14",1650.339966,1567.900024,21.665001,113.779999,37.23,53.169998,37.740002,443.993988,33.529999,63.408573,27.07,37.65,26.64
"2013-05-15",1658.780029,1579.390015,21.865,114.529999,37.529999,53.599998,37.849998,458.403412,33.849998,61.264286,26.6,37.6,26.39
"2013-05-16",1650.469971,1581.349976,21.434999,113.610001,37.380001,53.200001,37.450001,452.38739,34.080002,62.082859,26.129999,37.35,26.26
"2013-05-17",1667.469971,1594.48999,21.32,112.139999,37.439999,53.349998,37.669998,455.045044,34.869999,61.894287,26.25,37.16,25.75
"2013-05-20",1666.290039,1587.699951,20.76,111.410004,37.220001,52.740002,37.630001,454.719727,35.080002,63.275715,25.76,37.55,26.21
"2013-05-21",1669.160034,1588.98999,21.115,114,36.939999,52.07,37.23,453.938934,34.849998,62.808571,25.66,37.27,27.04
"2013-05-22",1655.349976,1566.880005,20.889999,112.940002,36.619999,51.470001,37.02,445.155151,34.610001,63.049999,25.16,36.23,26.74
"2013-05-23",1650.51001,1563.099976,20.91,113.540001,36.740002,51.889999,37.43,441.836823,34.150002,63.162857,25.059999,36.54,26.4
"2013-05-24",1649.599976,1560.839966,20.975,112.849998,36.75,51.389999,37.27,437.097107,34.27,63.592857,24.309999,36.17,25.89
"2013-05-28",1660.060059,1571.609985,20.91,114.099998,36.18,50.82,37.07,441.07608,35.02,63.062859,24.1,35.23,26.37
"2013-05-29",1648.359985,1569.790039,20.395,112.650002,35.91,49.57,36.169998,434.5896,34.880001,63.564285,23.32,34.15,26.28
"2013-05-30",1654.410034,1590.400024,20.475,111.809998,35.5,49.080002,35.23,435.815826,35.029999,64.511429,24.549999,33.93,26.54
"2013-05-31",1630.73999,1575.160034,20.084999,112,34.990002,48.48,34.150002,436.046051,34.900002,64.247147,24.35,34.66,26.66
"2013-06-03",1640.420044,1576.359985,20.23,111.620003,35.07,48.66,34.470001,434.249237,35.59,64.388573,23.85,34.87,26.24
"2013-06-04",1631.380005,1573.27002,20.459999,114.949997,35.669998,48.84,34.759998,429.97998,34.990002,64.187141,23.52,34.63,25.35
"2013-06-05",1608.900024,1556.709961,20.094999,113.919998,35.259998,48.299999,34.93,430.280273,34.779999,63.587143,22.9,34.09,25.19
"2013-06-06",1622.560059,1564.449951,20.120001,112.629997,35.810001,49.970001,35.5,432.752747,34.959999,62.637142,22.969999,35.13,24.07
"2013-06-07",1643.380005,1583.27002,20.59,113.910004,35.450001,50.240002,35.43,440.305298,35.669998,63.115715,23.290001,35.58,24.95
"2013-06-10",1642.810059,1581.859985,20.334999,112.529999,35.990002,50.529999,35.619999,445.555542,35.470001,62.69857,24.33,35.61,25.29
"2013-06-11",1626.130005,1564.02002,20.08,112.459999,35.759998,50.18,35.490002,440.345337,34.84,62.514286,24.030001,35.16,25.47
"2013-06-12",1612.52002,1547.319946,19.76,111.389999,35.619999,49.900002,35.389999,436.426422,35,61.741428,23.77,35.22,25.13
"2013-06-13",1636.359985,1568.579956,19.875,110.889999,36.299999,50.639999,35.93,438.938934,34.720001,62.279999,23.73,35.74,26.37
"2013-06-14",1626.72998,1556.849976,19.870001,116.610001,35.91,51.07,36.040001,437.957947,34.400002,61.435715,23.629999,36.04,26.28
"2013-06-17",1639.040039,1576.449951,20.040001,117.720001,35.759998,50.709999,35.990002,443.568573,35,61.714287,24.02,36.66,26.54
"2013-06-18",1651.810059,1590.189941,20.195,117.949997,36.169998,51.549999,36.240002,450.760773,34.98,61.681427,24.209999,36.76,26.66
"2013-06-19",1628.930054,1576.869995,20.105,117.800003,35.25,50.049999,35.330002,450.790802,34.59,60.42857,24.309999,36.51,26.24
"2013-06-20",1588.189941,1539.150024,19.455,114.050003,34.349998,48.959999,34.130001,442.812805,33.490002,59.548573,23.9,35.5,25.35
"2013-06-21",1592.430054,1536.380005,19.885,119.68,34.470001,49.52,34.18,440.905914,33.27,59.07143,24.530001,34.82,25.19
"2013-06-24",1573.089966,1512.209961,19.889999,118.440002,34.459999,49.119999,33.990002,435.330322,33.720001,57.505714,23.940001,34.5,24.07
"2013-06-25",1588.030029,1531.52002,20.084999,117.769997,35.029999,50.439999,34.959999,433.533539,33.669998,57.51857,24.25,35.11,24.96
"2013-06-26",1603.26001,1545.310059,20.094999,119,35.330002,50.66,34.849998,437.262268,34.349998,56.867142,24.16,35.76,25.29
"2013-06-27",1613.199951,1557.609985,20.15,123.809998,35.630001,51,35.27,438.973969,34.619999,56.254284,24.66,36.64,25.44
